-- phpMyAdmin SQL Dump
-- version 4.9.5deb2
-- https://www.phpmyadmin.net/
--
-- Хост: localhost:3306
-- Время создания: Ноя 06 2020 г., 11:24
-- Версия сервера: 8.0.22-0ubuntu0.20.04.2
-- Версия PHP: 7.4.3

SET SQL_MODE = "NO_AUTO_VALUE_ON_ZERO";
SET AUTOCOMMIT = 0;
START TRANSACTION;
SET time_zone = "+00:00";


/*!40101 SET @OLD_CHARACTER_SET_CLIENT=@@CHARACTER_SET_CLIENT */;
/*!40101 SET @OLD_CHARACTER_SET_RESULTS=@@CHARACTER_SET_RESULTS */;
/*!40101 SET @OLD_COLLATION_CONNECTION=@@COLLATION_CONNECTION */;
/*!40101 SET NAMES utf8mb4 */;

--
-- База данных: `lab`
--

DELIMITER $$
--
-- Процедуры
--
CREATE DEFINER=`phpmyadmin`@`localhost` PROCEDURE `AddNomenclature` (IN `n` VARCHAR(50) CHARSET utf8, IN `p` DECIMAL(10,2))  NO SQL
begin
        insert into Nomenclature (Name, Price) value (n, p);
     end$$

CREATE DEFINER=`phpmyadmin`@`localhost` PROCEDURE `sum_vendor` (IN `i` INT)  NO SQL
Begin
    DROP VIEW IF EXISTS SELECTMYSUMM;
CREATE VIEW SELECTMYSUMM AS SELECT Nomenclature.Code AS Code,Name,Price,Contractor, NomenclatureReceipt.Quantity, Quantity*Price AS SUMMA FROM Nomenclature LEFT OUTER JOIN NomenclatureReceipt ON Nomenclature.Code = NomenclatureReceipt.Nomenclature;
        SELECT SUM(SUMMA) FROM SELECTMYSUMM  WHERE Contractor=i;
 
     end$$

DELIMITER ;

-- --------------------------------------------------------

--
-- Структура таблицы `ContractingParties`
--

CREATE TABLE `ContractingParties` (
  `Code` int NOT NULL,
  `Name` varchar(100) CHARACTER SET cp1251 NOT NULL COMMENT 'Название контрагента',
  `INN` varchar(20) CHARACTER SET cp1251 NOT NULL COMMENT 'ИНН',
  `Phone` varchar(50) CHARACTER SET cp1251 NOT NULL COMMENT 'Телефон',
  `Address` varchar(250) CHARACTER SET cp1251 COLLATE cp1251_general_cs NOT NULL COMMENT 'Адрес'
) ENGINE=InnoDB DEFAULT CHARSET=cp1251 COLLATE=cp1251_bin COMMENT='Контрагенты';

--
-- Дамп данных таблицы `ContractingParties`
--

INSERT INTO `ContractingParties` (`Code`, `Name`, `INN`, `Phone`, `Address`) VALUES
(1, 'Машенька ОООу', '123456789', '89034546545', 'Ростов-на-Дону'),
(2, 'РеалХлеб ООО', '564565464', '89065432323', 'Таганрог'),
(3, 'Абочараев ИП', '646546556', '89029865645', 'Азов'),
(4, 'Симоненко ИП', '765765576', '89043456712', 'Ростов-на-Дону'),
(5, 'Хлебозавод №1', '435435376', '89008761234', 'Ростов-на-Дону'),
(6, 'Хлебозавод №2', '754787687', '89076754768', 'Таганрог'),
(7, 'Российские пекарни ', '643765478', '89073297566', 'Ростов-на-Дону'),
(8, 'ДонХлеб', '587645310', '89076754391', 'Ростов-на-Дону'),
(9, 'Слойка ООО', '123798755', '89094321256', 'Азов'),
(10, 'Перепечка ООО', '765768876', '89076522668', 'Таганрог'),
(11, 'Аютинский хлеб', '676876123', '89122345621', 'Азов'),
(12, 'Хлебный Хлеб', '123123456', '89120987868', 'Краснодар'),
(13, 'ИП Комаров', '456456765', '89349087856', 'Шахты');

-- --------------------------------------------------------

--
-- Структура таблицы `Nomenclature`
--

CREATE TABLE `Nomenclature` (
  `Code` int NOT NULL,
  `Name` varchar(50) CHARACTER SET cp1251 NOT NULL COMMENT 'Наименование',
  `Price` decimal(10,2) NOT NULL COMMENT 'Цена'
) ENGINE=InnoDB DEFAULT CHARSET=cp1251 COLLATE=cp1251_bin COMMENT='Номенклатура';

--
-- Дамп данных таблицы `Nomenclature`
--

INSERT INTO `Nomenclature` (`Code`, `Name`, `Price`) VALUES
(1, 'Домашний хлеб', '46.00'),
(2, 'Армянский лаваш', '34.00'),
(3, 'Городская булка', '24.00'),
(4, 'Литовский хлеб', '67.00'),
(5, 'Рижский хлеб', '66.00'),
(6, 'Российский батон', '25.00'),
(7, 'Булка сдобная', '26.00'),
(8, 'Булка слоеная', '30.00'),
(9, 'Восточный бублик', '54.00'),
(10, 'Яблочный хлеб', '42.00'),
(11, 'Коржик праздничный', '32.00'),
(12, 'Пончик городской', '12.00'),
(13, 'Деревенская ватрушка', '16.00'),
(14, 'Молочная булка', '19.00'),
(15, 'Нарезной батон', '39.00'),
(16, 'Новая номенклатура', '123.00');

-- --------------------------------------------------------

--
-- Структура таблицы `NomenclatureReceipt`
--

CREATE TABLE `NomenclatureReceipt` (
  `Code` int NOT NULL,
  `Date` date NOT NULL COMMENT 'Дата поступления',
  `Contractor` int NOT NULL COMMENT 'Контрагент',
  `Nomenclature` int NOT NULL COMMENT 'Номенклатура',
  `Quantity` int NOT NULL COMMENT 'Количество',
  `Sum` decimal(10,2) NOT NULL COMMENT 'Сумма покупки'
) ENGINE=InnoDB DEFAULT CHARSET=cp1251 COLLATE=cp1251_bin COMMENT='Поступление номенклатуры';

--
-- Дамп данных таблицы `NomenclatureReceipt`
--

INSERT INTO `NomenclatureReceipt` (`Code`, `Date`, `Contractor`, `Nomenclature`, `Quantity`, `Sum`) VALUES
(1, '2016-09-01', 3, 4, 90, '2610.00'),
(2, '2016-09-01', 6, 3, 162, '7128.00'),
(3, '2016-09-01', 1, 15, 487, '14123.00'),
(4, '2016-09-01', 2, 7, 148, '4884.00'),
(5, '2016-09-01', 5, 7, 916, '26564.00'),
(6, '2016-09-01', 1, 13, 655, '39955.00'),
(7, '2016-09-02', 4, 14, 616, '41888.00'),
(8, '2016-09-02', 1, 15, 441, '29547.00'),
(9, '2016-09-02', 4, 5, 246, '12546.00'),
(10, '2016-09-02', 3, 10, 997, '20937.00'),
(11, '2016-09-02', 6, 15, 256, '5888.00'),
(12, '2016-09-02', 1, 4, 355, '22010.00'),
(13, '2016-09-02', 1, 12, 363, '20328.00'),
(14, '2016-09-02', 5, 3, 960, '55680.00'),
(15, '2016-09-02', 1, 12, 809, '45304.00'),
(16, '2016-09-02', 4, 13, 496, '19344.00'),
(17, '2016-09-02', 4, 6, 1016, '53848.00'),
(18, '2016-09-02', 4, 3, 893, '25004.00'),
(19, '2016-09-02', 6, 4, 411, '16029.00'),
(20, '2016-09-02', 6, 5, 243, '16767.00'),
(21, '2016-09-02', 5, 15, 217, '5642.00'),
(22, '2016-09-03', 3, 1, 422, '18990.00'),
(23, '2016-09-03', 5, 13, 676, '38532.00'),
(24, '2016-09-03', 3, 9, 162, '5670.00'),
(25, '2016-09-03', 2, 9, 675, '23625.00'),
(26, '2016-09-03', 5, 1, 506, '18216.00'),
(27, '2016-09-03', 2, 9, 517, '27401.00'),
(28, '2016-09-03', 4, 10, 931, '41895.00'),
(29, '2016-09-03', 3, 9, 375, '14250.00'),
(30, '2016-09-03', 6, 5, 897, '17940.00'),
(31, '2016-09-03', 5, 12, 358, '23270.00'),
(32, '2016-09-03', 4, 11, 586, '16994.00'),
(33, '2016-09-03', 6, 12, 759, '15939.00'),
(34, '2016-09-03', 2, 2, 26, '1222.00'),
(35, '2016-09-03', 2, 15, 95, '3420.00'),
(36, '2016-09-03', 2, 10, 686, '34986.00'),
(37, '2016-09-03', 6, 1, 436, '23980.00'),
(38, '2016-09-03', 4, 3, 859, '22334.00'),
(39, '2016-09-03', 3, 2, 62, '3286.00'),
(40, '2016-09-04', 5, 3, 162, '10854.00'),
(41, '2016-09-04', 2, 2, 67, '3082.00'),
(42, '2016-09-04', 3, 12, 57, '2394.00'),
(43, '2016-09-04', 1, 7, 184, '9936.00'),
(44, '2016-09-04', 5, 2, 455, '18655.00'),
(45, '2016-09-04', 6, 10, 65, '1950.00'),
(46, '2016-09-04', 3, 2, 1016, '26416.00'),
(47, '2016-09-04', 4, 14, 75, '3900.00'),
(48, '2016-09-04', 6, 9, 838, '23464.00'),
(49, '2016-09-04', 3, 13, 375, '22875.00'),
(50, '2016-09-04', 1, 12, 439, '9219.00'),
(51, '2016-09-04', 1, 4, 559, '32422.00'),
(52, '2016-09-04', 6, 1, 691, '21421.00'),
(53, '2016-09-04', 6, 10, 159, '3975.00'),
(54, '2016-09-04', 5, 13, 146, '9928.00'),
(55, '2016-09-04', 2, 5, 609, '27405.00'),
(56, '2016-09-04', 2, 3, 814, '29304.00'),
(57, '2016-09-05', 6, 4, 259, '12950.00'),
(58, '2016-09-05', 1, 13, 193, '8685.00'),
(59, '2016-09-05', 6, 11, 774, '47214.00'),
(60, '2016-09-05', 5, 1, 83, '3071.00'),
(61, '2016-09-05', 2, 15, 277, '15235.00'),
(62, '2016-09-05', 4, 12, 418, '10868.00'),
(63, '2016-09-05', 3, 14, 571, '22269.00'),
(64, '2016-09-05', 6, 8, 201, '8844.00'),
(65, '2016-09-05', 5, 14, 98, '3234.00'),
(66, '2016-09-05', 1, 11, 766, '28342.00'),
(67, '2016-09-05', 4, 12, 115, '7935.00'),
(68, '2016-09-05', 4, 11, 434, '21700.00'),
(69, '2016-09-05', 2, 10, 658, '16450.00'),
(70, '2016-09-05', 6, 12, 573, '13179.00'),
(71, '2016-09-05', 1, 13, 156, '4368.00'),
(72, '2016-09-05', 4, 7, 935, '20570.00'),
(73, '2016-09-06', 3, 9, 819, '21294.00'),
(74, '2016-09-06', 1, 11, 212, '5724.00'),
(75, '2016-09-06', 3, 8, 59, '2065.00'),
(76, '2016-09-06', 6, 13, 408, '20400.00'),
(77, '2016-09-06', 3, 9, 457, '20565.00'),
(78, '2016-09-06', 6, 15, 527, '22661.00'),
(79, '2016-09-06', 3, 1, 152, '7600.00'),
(80, '2016-09-06', 4, 9, 142, '2982.00'),
(81, '2016-09-06', 3, 13, 268, '18492.00'),
(82, '2016-09-06', 1, 10, 999, '27972.00'),
(83, '2016-09-06', 2, 13, 305, '19520.00'),
(84, '2016-09-06', 3, 9, 439, '10975.00'),
(85, '2016-09-06', 5, 11, 292, '7008.00'),
(86, '2016-09-06', 6, 14, 263, '8942.00'),
(87, '2016-09-06', 3, 14, 145, '7105.00'),
(88, '2016-09-06', 3, 12, 225, '9675.00'),
(89, '2016-09-06', 6, 8, 138, '4416.00'),
(90, '2016-09-07', 5, 8, 341, '16709.00'),
(91, '2016-09-07', 1, 13, 431, '22843.00'),
(92, '2016-09-07', 5, 12, 555, '13320.00'),
(93, '2016-09-07', 2, 10, 458, '31602.00'),
(94, '2016-09-07', 3, 3, 733, '43247.00'),
(95, '2016-09-07', 2, 10, 811, '24330.00'),
(96, '2016-09-07', 2, 1, 171, '7524.00'),
(97, '2016-09-07', 5, 5, 872, '29648.00'),
(98, '2016-09-07', 3, 13, 188, '10152.00'),
(99, '2016-09-07', 1, 10, 450, '22500.00'),
(100, '2016-09-07', 2, 14, 524, '31440.00'),
(101, '2016-09-07', 2, 4, 124, '7564.00'),
(102, '2016-09-07', 5, 9, 788, '39400.00'),
(103, '2016-09-07', 4, 10, 715, '26455.00'),
(104, '2016-09-07', 2, 14, 827, '43004.00'),
(105, '2016-09-07', 1, 10, 74, '1924.00'),
(106, '2016-09-07', 2, 3, 368, '16192.00'),
(107, '2016-09-07', 4, 9, 100, '2000.00'),
(108, '2016-09-07', 2, 7, 222, '13764.00'),
(109, '2016-09-07', 4, 11, 976, '63440.00'),
(110, '2016-09-07', 3, 11, 372, '24924.00'),
(111, '2016-09-07', 6, 11, 613, '28198.00'),
(112, '2016-09-07', 3, 8, 166, '10292.00'),
(113, '2016-09-07', 6, 7, 442, '29172.00'),
(114, '2016-09-07', 3, 7, 762, '40386.00'),
(115, '2016-09-07', 5, 1, 990, '36630.00'),
(116, '2016-09-08', 1, 12, 881, '18501.00'),
(117, '2016-09-08', 1, 3, 704, '46464.00'),
(118, '2016-09-08', 6, 3, 619, '42711.00'),
(119, '2016-09-08', 4, 4, 284, '17608.00'),
(120, '2016-09-08', 1, 14, 238, '5474.00'),
(121, '2016-09-08', 3, 10, 367, '17249.00'),
(122, '2016-09-08', 4, 9, 390, '24960.00'),
(123, '2016-09-08', 5, 3, 132, '6732.00'),
(124, '2016-09-08', 1, 3, 754, '18850.00'),
(125, '2016-09-08', 6, 4, 421, '28207.00'),
(126, '2016-09-09', 2, 2, 470, '22560.00'),
(127, '2016-09-09', 4, 8, 937, '41228.00'),
(128, '2016-09-09', 3, 3, 435, '27405.00'),
(129, '2016-09-09', 1, 9, 181, '11765.00'),
(130, '2016-09-09', 3, 12, 807, '42771.00'),
(131, '2016-09-09', 2, 11, 977, '47873.00'),
(132, '2016-09-09', 6, 6, 555, '35520.00'),
(133, '2016-09-09', 4, 4, 617, '12957.00'),
(134, '2016-09-09', 1, 2, 946, '37840.00'),
(135, '2016-09-09', 2, 10, 870, '17400.00'),
(136, '2016-09-09', 3, 14, 583, '27984.00'),
(137, '2016-09-09', 6, 11, 554, '33794.00'),
(138, '2016-09-09', 1, 10, 320, '19840.00'),
(139, '2016-09-09', 4, 1, 761, '33484.00'),
(140, '2016-09-09', 4, 6, 740, '45140.00'),
(141, '2016-09-10', 5, 5, 81, '4374.00'),
(142, '2016-09-10', 3, 2, 548, '14248.00'),
(143, '2016-09-10', 1, 14, 598, '36478.00'),
(144, '2016-09-10', 6, 10, 558, '23994.00'),
(145, '2016-09-10', 2, 4, 307, '15043.00'),
(146, '2016-09-10', 3, 9, 689, '37895.00'),
(147, '2016-09-10', 2, 11, 296, '5920.00'),
(148, '2016-09-10', 6, 10, 880, '18480.00'),
(149, '2016-09-10', 3, 14, 692, '36676.00'),
(150, '2016-09-10', 4, 4, 717, '45171.00'),
(151, '2016-09-10', 3, 9, 482, '24100.00'),
(152, '2016-09-10', 6, 3, 558, '22320.00'),
(153, '2016-09-10', 2, 8, 556, '25020.00'),
(154, '2016-09-10', 5, 3, 395, '21330.00'),
(155, '2016-09-10', 1, 15, 892, '52628.00'),
(156, '2016-09-10', 5, 14, 1008, '67536.00'),
(157, '2016-09-10', 5, 14, 907, '36280.00'),
(158, '2016-09-10', 6, 1, 554, '34348.00'),
(159, '2016-09-10', 6, 8, 871, '49647.00'),
(160, '2016-09-10', 6, 7, 24, '1656.00'),
(161, '2016-09-10', 3, 12, 972, '52488.00'),
(162, '2016-09-10', 4, 4, 827, '19021.00'),
(163, '2016-09-10', 6, 15, 211, '14137.00'),
(164, '2016-09-10', 5, 3, 396, '8712.00'),
(165, '2016-09-10', 1, 6, 502, '20080.00'),
(166, '2020-05-30', 13, 5, 45, '4500.00');

--
-- Триггеры `NomenclatureReceipt`
--
DELIMITER $$
CREATE TRIGGER `AfterInsertInNomenclatureReceipt` AFTER INSERT ON `NomenclatureReceipt` FOR EACH ROW BEGIN
INSERT INTO NomenclatureRemains(Code,Date,Nomenclature,Quantity) VALUES (NULL,NEW.Date,NEW.Nomenclature,NEW.Quantity);
END
$$
DELIMITER ;

-- --------------------------------------------------------

--
-- Структура таблицы `NomenclatureRemains`
--

CREATE TABLE `NomenclatureRemains` (
  `Code` int NOT NULL,
  `Date` date NOT NULL COMMENT 'Дата движения товара',
  `Nomenclature` int NOT NULL COMMENT 'Номенклатура',
  `Quantity` int NOT NULL COMMENT 'Количество'
) ENGINE=InnoDB DEFAULT CHARSET=cp1251 COLLATE=cp1251_bin COMMENT='Остатки номенклатуры';

--
-- Дамп данных таблицы `NomenclatureRemains`
--

INSERT INTO `NomenclatureRemains` (`Code`, `Date`, `Nomenclature`, `Quantity`) VALUES
(1, '2016-09-01', 4, 90),
(2, '2016-09-01', 3, 162),
(3, '2016-09-01', 15, 487),
(4, '2016-09-01', 7, 148),
(5, '2016-09-01', 7, 916),
(6, '2016-09-01', 13, 655),
(7, '2016-09-02', 14, 616),
(8, '2016-09-02', 15, 441),
(9, '2016-09-02', 5, 246),
(10, '2016-09-02', 10, 997),
(11, '2016-09-02', 15, 256),
(12, '2016-09-02', 4, 355),
(13, '2016-09-02', 12, 363),
(14, '2016-09-02', 3, 960),
(15, '2016-09-02', 12, 809),
(16, '2016-09-02', 13, 496),
(17, '2016-09-02', 6, 1016),
(18, '2016-09-02', 3, 893),
(19, '2016-09-02', 4, 411),
(20, '2016-09-02', 5, 243),
(21, '2016-09-02', 15, 217),
(22, '2016-09-03', 1, 422),
(23, '2016-09-03', 13, 676),
(24, '2016-09-03', 9, 162),
(25, '2016-09-03', 9, 675),
(26, '2016-09-03', 1, 506),
(27, '2016-09-03', 9, 517),
(28, '2016-09-03', 10, 931),
(29, '2016-09-03', 9, 375),
(30, '2016-09-03', 5, 897),
(31, '2016-09-03', 12, 358),
(32, '2016-09-03', 11, 586),
(33, '2016-09-03', 12, 759),
(34, '2016-09-03', 2, 26),
(35, '2016-09-03', 15, 95),
(36, '2016-09-03', 10, 686),
(37, '2016-09-03', 1, 436),
(38, '2016-09-03', 3, 859),
(39, '2016-09-03', 2, 62),
(40, '2016-09-04', 3, 162),
(41, '2016-09-04', 2, 67),
(42, '2016-09-04', 12, 57),
(43, '2016-09-04', 7, 184),
(44, '2016-09-04', 2, 455),
(45, '2016-09-04', 10, 65),
(46, '2016-09-04', 2, 1016),
(47, '2016-09-04', 14, 75),
(48, '2016-09-04', 9, 838),
(49, '2016-09-04', 13, 375),
(50, '2016-09-04', 12, 439),
(51, '2016-09-04', 4, 559),
(52, '2016-09-04', 1, 691),
(53, '2016-09-04', 10, 159),
(54, '2016-09-04', 13, 146),
(55, '2016-09-04', 5, 609),
(56, '2016-09-04', 3, 814),
(57, '2016-09-05', 4, 259),
(58, '2016-09-05', 13, 193),
(59, '2016-09-05', 11, 774),
(60, '2016-09-05', 1, 83),
(61, '2016-09-05', 15, 277),
(62, '2016-09-05', 12, 418),
(63, '2016-09-05', 14, 571),
(64, '2016-09-05', 8, 201),
(65, '2016-09-05', 14, 98),
(66, '2016-09-05', 11, 766),
(67, '2016-09-05', 12, 115),
(68, '2016-09-05', 11, 434),
(69, '2016-09-05', 10, 658),
(70, '2016-09-05', 12, 573),
(71, '2016-09-05', 13, 156),
(72, '2016-09-05', 7, 935),
(73, '2016-09-06', 9, 819),
(74, '2016-09-06', 11, 212),
(75, '2016-09-06', 8, 59),
(76, '2016-09-06', 13, 408),
(77, '2016-09-06', 9, 457),
(78, '2016-09-06', 15, 527),
(79, '2016-09-06', 1, 152),
(80, '2016-09-06', 9, 142),
(81, '2016-09-06', 13, 268),
(82, '2016-09-06', 10, 999),
(83, '2016-09-06', 13, 305),
(84, '2016-09-06', 9, 439),
(85, '2016-09-06', 11, 292),
(86, '2016-09-06', 14, 263),
(87, '2016-09-06', 14, 145),
(88, '2016-09-06', 12, 225),
(89, '2016-09-06', 8, 138),
(90, '2016-09-07', 8, 341),
(91, '2016-09-07', 13, 431),
(92, '2016-09-07', 12, 555),
(93, '2016-09-07', 10, 458),
(94, '2016-09-07', 3, 733),
(95, '2016-09-07', 10, 811),
(96, '2016-09-07', 1, 171),
(97, '2016-09-07', 5, 872),
(98, '2016-09-07', 13, 188),
(99, '2016-09-07', 10, 450),
(100, '2016-09-07', 14, 524),
(101, '2016-09-07', 4, 124),
(102, '2016-09-07', 9, 788),
(103, '2016-09-07', 10, 715),
(104, '2016-09-07', 14, 827),
(105, '2016-09-07', 10, 74),
(106, '2016-09-07', 3, 368),
(107, '2016-09-07', 9, 100),
(108, '2016-09-07', 7, 222),
(109, '2016-09-07', 11, 976),
(110, '2016-09-07', 11, 372),
(111, '2016-09-07', 11, 613),
(112, '2016-09-07', 8, 166),
(113, '2016-09-07', 7, 442),
(114, '2016-09-07', 7, 762),
(115, '2016-09-07', 1, 990),
(116, '2016-09-08', 12, 881),
(117, '2016-09-08', 3, 704),
(118, '2016-09-08', 3, 619),
(119, '2016-09-08', 4, 284),
(120, '2016-09-08', 14, 238),
(121, '2016-09-08', 10, 367),
(122, '2016-09-08', 9, 390),
(123, '2016-09-08', 3, 132),
(124, '2016-09-08', 3, 754),
(125, '2016-09-08', 4, 421),
(126, '2016-09-09', 2, 470),
(127, '2016-09-09', 8, 937),
(128, '2016-09-09', 3, 435),
(129, '2016-09-09', 9, 181),
(130, '2016-09-09', 12, 807),
(131, '2016-09-09', 11, 977),
(132, '2016-09-09', 6, 555),
(133, '2016-09-09', 4, 617),
(134, '2016-09-09', 2, 946),
(135, '2016-09-09', 10, 870),
(136, '2016-09-09', 14, 583),
(137, '2016-09-09', 11, 554),
(138, '2016-09-09', 10, 320),
(139, '2016-09-09', 1, 761),
(140, '2016-09-09', 6, 740),
(141, '2016-09-10', 5, 81),
(142, '2016-09-10', 2, 548),
(143, '2016-09-10', 14, 598),
(144, '2016-09-10', 10, 558),
(145, '2016-09-10', 4, 307),
(146, '2016-09-10', 9, 689),
(147, '2016-09-10', 11, 296),
(148, '2016-09-10', 10, 880),
(149, '2016-09-10', 14, 692),
(150, '2016-09-10', 4, 717),
(151, '2016-09-10', 9, 482),
(152, '2016-09-10', 3, 558),
(153, '2016-09-10', 8, 556),
(154, '2016-09-10', 3, 395),
(155, '2016-09-10', 15, 892),
(156, '2016-09-10', 14, 1008),
(157, '2016-09-10', 14, 907),
(158, '2016-09-10', 1, 554),
(159, '2016-09-10', 8, 871),
(160, '2016-09-10', 7, 24),
(161, '2016-09-10', 12, 972),
(162, '2016-09-10', 4, 827),
(163, '2016-09-10', 15, 211),
(164, '2016-09-10', 3, 396),
(165, '2016-09-10', 6, 502),
(256, '2016-09-01', 5, -115),
(257, '2016-09-01', 5, -32),
(258, '2016-09-01', 7, -86),
(259, '2016-09-01', 7, -37),
(260, '2016-09-01', 6, -128),
(261, '2016-09-01', 9, -45),
(262, '2016-09-02', 2, -82),
(263, '2016-09-02', 5, -114),
(264, '2016-09-02', 14, -48),
(265, '2016-09-02', 3, -120),
(266, '2016-09-02', 3, -122),
(267, '2016-09-02', 2, -59),
(268, '2016-09-02', 13, -45),
(269, '2016-09-02', 12, -37),
(270, '2016-09-02', 5, -38),
(271, '2016-09-02', 2, -122),
(272, '2016-09-02', 1, -105),
(273, '2016-09-02', 3, -127),
(274, '2016-09-02', 7, -75),
(275, '2016-09-02', 3, -32),
(276, '2016-09-02', 5, -56),
(277, '2016-09-03', 13, -42),
(278, '2016-09-03', 8, -44),
(279, '2016-09-03', 13, -78),
(280, '2016-09-03', 13, -90),
(281, '2016-09-03', 10, -69),
(282, '2016-09-03', 5, -60),
(283, '2016-09-03', 11, -39),
(284, '2016-09-03', 6, -120),
(285, '2016-09-03', 5, -98),
(286, '2016-09-03', 13, -129),
(287, '2016-09-03', 2, -41),
(288, '2016-09-03', 7, -64),
(289, '2016-09-03', 4, -84),
(290, '2016-09-03', 9, -74),
(291, '2016-09-03', 2, -91),
(292, '2016-09-03', 8, -40),
(293, '2016-09-03', 14, -81),
(294, '2016-09-03', 11, -67),
(295, '2016-09-04', 2, -83),
(296, '2016-09-04', 12, -106),
(297, '2016-09-04', 6, -102),
(298, '2016-09-04', 14, -113),
(299, '2016-09-04', 11, -75),
(300, '2016-09-04', 3, -126),
(301, '2016-09-04', 2, -118),
(302, '2016-09-04', 15, -68),
(303, '2016-09-04', 4, -110),
(304, '2016-09-04', 2, -53),
(305, '2016-09-04', 4, -40),
(306, '2016-09-04', 15, -62),
(307, '2016-09-04', 14, -83),
(308, '2016-09-04', 4, -109),
(309, '2016-09-04', 10, -31),
(310, '2016-09-04', 9, -52),
(311, '2016-09-04', 3, -35),
(312, '2016-09-05', 14, -105),
(313, '2016-09-05', 12, -97),
(314, '2016-09-05', 13, -68),
(315, '2016-09-05', 7, -127),
(316, '2016-09-05', 14, -101),
(317, '2016-09-05', 7, -40),
(318, '2016-09-05', 10, -128),
(319, '2016-09-05', 4, -87),
(320, '2016-09-05', 8, -77),
(321, '2016-09-05', 15, -46),
(322, '2016-09-05', 8, -44),
(323, '2016-09-05', 6, -95),
(324, '2016-09-05', 5, -38),
(325, '2016-09-05', 1, -120),
(326, '2016-09-05', 6, -114),
(327, '2016-09-05', 4, -70),
(328, '2016-09-06', 15, -129),
(329, '2016-09-06', 8, -64),
(330, '2016-09-06', 8, -38),
(331, '2016-09-06', 13, -30),
(332, '2016-09-06', 11, -90),
(333, '2016-09-06', 1, -60),
(334, '2016-09-06', 8, -116),
(335, '2016-09-06', 5, -55),
(336, '2016-09-06', 14, -70),
(337, '2016-09-06', 1, -72),
(338, '2016-09-06', 3, -87),
(339, '2016-09-06', 4, -127),
(340, '2016-09-06', 10, -105),
(341, '2016-09-06', 7, -64),
(342, '2016-09-06', 10, -82),
(343, '2016-09-06', 4, -89),
(344, '2016-09-06', 8, -58),
(345, '2016-09-07', 4, -78),
(346, '2016-09-07', 3, -100),
(347, '2016-09-07', 5, -34),
(348, '2016-09-07', 13, -111),
(349, '2016-09-07', 9, -92),
(350, '2016-09-07', 5, -101),
(351, '2016-09-07', 8, -124),
(352, '2016-09-07', 9, -65),
(353, '2016-09-07', 12, -95),
(354, '2016-09-07', 15, -91),
(355, '2016-09-07', 3, -40),
(356, '2016-09-07', 14, -79),
(357, '2016-09-07', 4, -98),
(358, '2016-09-07', 4, -118),
(359, '2016-09-07', 4, -38),
(360, '2016-09-07', 2, -107),
(361, '2016-09-07', 15, -51),
(362, '2016-09-07', 3, -91),
(363, '2016-09-07', 9, -76),
(364, '2016-09-07', 4, -104),
(365, '2016-09-07', 8, -127),
(366, '2016-09-07', 6, -76),
(367, '2016-09-07', 5, -36),
(368, '2016-09-07', 14, -105),
(369, '2016-09-07', 4, -56),
(370, '2016-09-07', 3, -69),
(371, '2016-09-08', 8, -61),
(372, '2016-09-08', 14, -125),
(373, '2016-09-08', 15, -70),
(374, '2016-09-08', 10, -50),
(375, '2016-09-08', 8, -42),
(376, '2016-09-08', 15, -77),
(377, '2016-09-08', 9, -67),
(378, '2016-09-08', 2, -47),
(379, '2016-09-08', 2, -49),
(380, '2016-09-08', 1, -58),
(381, '2016-09-09', 10, -109),
(382, '2016-09-09', 4, -107),
(383, '2016-09-09', 3, -37),
(384, '2016-09-09', 11, -47),
(385, '2016-09-09', 2, -52),
(386, '2016-09-09', 7, -123),
(387, '2016-09-09', 9, -93),
(388, '2016-09-09', 10, -129),
(389, '2016-09-09', 14, -88),
(390, '2016-09-09', 6, -126),
(391, '2016-09-09', 11, -55),
(392, '2016-09-09', 8, -105),
(393, '2016-09-09', 6, -129),
(394, '2016-09-09', 15, -37),
(395, '2016-09-09', 11, -94),
(396, '2016-09-10', 1, -49),
(397, '2016-09-10', 8, -99),
(398, '2016-09-10', 15, -92),
(399, '2016-09-10', 14, -113),
(400, '2016-09-10', 4, -98),
(401, '2016-09-10', 9, -92),
(402, '2016-09-10', 7, -50),
(403, '2016-09-10', 7, -32),
(404, '2016-09-10', 15, -83),
(405, '2016-09-10', 5, -57),
(406, '2016-09-10', 6, -61),
(407, '2016-09-10', 8, -96),
(408, '2016-09-10', 5, -121),
(409, '2016-09-10', 11, -48),
(410, '2016-09-10', 15, -79),
(411, '2016-09-10', 15, -118),
(412, '2016-09-10', 9, -32),
(413, '2016-09-10', 12, -81),
(414, '2016-09-10', 9, -86),
(415, '2016-09-10', 7, -106),
(416, '2016-09-10', 8, -83),
(417, '2016-09-10', 15, -110),
(418, '2016-09-10', 9, -113),
(419, '2016-09-10', 11, -88),
(420, '2016-09-10', 2, -33),
(421, '2020-05-30', 5, 45);

-- --------------------------------------------------------

--
-- Структура таблицы `NomenclatureSale`
--

CREATE TABLE `NomenclatureSale` (
  `Code` int NOT NULL,
  `Date` date NOT NULL COMMENT 'Дата продажи',
  `Contractor` int NOT NULL COMMENT 'Контрагент',
  `Nomenclature` int NOT NULL COMMENT 'Номенклатура',
  `Quantity` int NOT NULL COMMENT 'Количество',
  `Sum` decimal(10,2) NOT NULL COMMENT 'Сумма продажи'
) ENGINE=InnoDB DEFAULT CHARSET=cp1251 COLLATE=cp1251_bin COMMENT='Продажа номенклатуры';

--
-- Дамп данных таблицы `NomenclatureSale`
--

INSERT INTO `NomenclatureSale` (`Code`, `Date`, `Contractor`, `Nomenclature`, `Quantity`, `Sum`) VALUES
(1, '2016-09-01', 8, 5, 115, '5520.00'),
(2, '2016-09-01', 7, 5, 32, '320.00'),
(3, '2016-09-01', 8, 7, 86, '4386.00'),
(4, '2016-09-01', 9, 7, 37, '2294.00'),
(5, '2016-09-01', 6, 6, 128, '5376.00'),
(6, '2016-09-01', 6, 9, 45, '1215.00'),
(7, '2016-09-02', 10, 2, 82, '3526.00'),
(8, '2016-09-02', 8, 5, 114, '6612.00'),
(9, '2016-09-02', 8, 14, 48, '48.00'),
(10, '2016-09-02', 6, 3, 120, '720.00'),
(11, '2016-09-02', 7, 3, 122, '122.00'),
(12, '2016-09-02', 8, 2, 59, '1298.00'),
(13, '2016-09-02', 6, 13, 45, '3105.00'),
(14, '2016-09-02', 6, 12, 37, '37.00'),
(15, '2016-09-02', 6, 5, 38, '1520.00'),
(16, '2016-09-02', 7, 2, 122, '2562.00'),
(17, '2016-09-02', 9, 1, 105, '3885.00'),
(18, '2016-09-02', 7, 3, 127, '2032.00'),
(19, '2016-09-02', 9, 7, 75, '675.00'),
(20, '2016-09-02', 7, 3, 32, '1408.00'),
(21, '2016-09-02', 8, 5, 56, '3136.00'),
(22, '2016-09-03', 8, 13, 42, '2142.00'),
(23, '2016-09-03', 9, 8, 44, '1408.00'),
(24, '2016-09-03', 10, 13, 78, '2028.00'),
(25, '2016-09-03', 6, 13, 90, '3150.00'),
(26, '2016-09-03', 9, 10, 69, '2277.00'),
(27, '2016-09-03', 10, 5, 60, '1500.00'),
(28, '2016-09-03', 6, 11, 39, '2028.00'),
(29, '2016-09-03', 6, 6, 120, '5640.00'),
(30, '2016-09-03', 6, 5, 98, '6174.00'),
(31, '2016-09-03', 6, 13, 129, '3999.00'),
(32, '2016-09-03', 10, 2, 41, '615.00'),
(33, '2016-09-03', 10, 7, 64, '2112.00'),
(34, '2016-09-03', 6, 4, 84, '5208.00'),
(35, '2016-09-03', 7, 9, 74, '4810.00'),
(36, '2016-09-03', 6, 2, 91, '3367.00'),
(37, '2016-09-03', 9, 8, 40, '840.00'),
(38, '2016-09-03', 10, 14, 81, '2592.00'),
(39, '2016-09-03', 8, 11, 67, '2345.00'),
(40, '2016-09-04', 6, 2, 83, '664.00'),
(41, '2016-09-04', 8, 12, 106, '4770.00'),
(42, '2016-09-04', 6, 6, 102, '1836.00'),
(43, '2016-09-04', 8, 14, 113, '3955.00'),
(44, '2016-09-04', 7, 11, 75, '3375.00'),
(45, '2016-09-04', 10, 3, 126, '756.00'),
(46, '2016-09-04', 9, 2, 118, '1062.00'),
(47, '2016-09-04', 7, 15, 68, '3604.00'),
(48, '2016-09-04', 8, 4, 110, '6160.00'),
(49, '2016-09-04', 7, 2, 53, '530.00'),
(50, '2016-09-04', 8, 4, 40, '2600.00'),
(51, '2016-09-04', 6, 15, 62, '2852.00'),
(52, '2016-09-04', 9, 14, 83, '4648.00'),
(53, '2016-09-04', 9, 4, 109, '3488.00'),
(54, '2016-09-04', 9, 10, 31, '1426.00'),
(55, '2016-09-04', 9, 9, 52, '260.00'),
(56, '2016-09-04', 10, 3, 35, '1295.00'),
(57, '2016-09-05', 9, 14, 105, '3045.00'),
(58, '2016-09-05', 7, 12, 97, '4753.00'),
(59, '2016-09-05', 10, 13, 68, '1836.00'),
(60, '2016-09-05', 9, 7, 127, '0.00'),
(61, '2016-09-05', 10, 14, 101, '3434.00'),
(62, '2016-09-05', 10, 7, 40, '1200.00'),
(63, '2016-09-05', 7, 10, 128, '0.00'),
(64, '2016-09-05', 9, 4, 87, '1392.00'),
(65, '2016-09-05', 10, 8, 77, '616.00'),
(66, '2016-09-05', 10, 15, 46, '1472.00'),
(67, '2016-09-05', 10, 8, 44, '616.00'),
(68, '2016-09-05', 9, 6, 95, '3135.00'),
(69, '2016-09-05', 10, 5, 38, '874.00'),
(70, '2016-09-05', 7, 1, 120, '7440.00'),
(71, '2016-09-05', 6, 6, 114, '7866.00'),
(72, '2016-09-05', 8, 4, 70, '2800.00'),
(73, '2016-09-06', 6, 15, 129, '1161.00'),
(74, '2016-09-06', 6, 8, 64, '1216.00'),
(75, '2016-09-06', 9, 8, 38, '2090.00'),
(76, '2016-09-06', 6, 13, 30, '1560.00'),
(77, '2016-09-06', 10, 11, 90, '1080.00'),
(78, '2016-09-06', 8, 1, 60, '3360.00'),
(79, '2016-09-06', 8, 8, 116, '7540.00'),
(80, '2016-09-06', 8, 5, 55, '1155.00'),
(81, '2016-09-06', 6, 14, 70, '980.00'),
(82, '2016-09-06', 9, 1, 72, '2376.00'),
(83, '2016-09-06', 8, 3, 87, '1479.00'),
(84, '2016-09-06', 10, 4, 127, '3429.00'),
(85, '2016-09-06', 7, 10, 105, '840.00'),
(86, '2016-09-06', 6, 7, 64, '2368.00'),
(87, '2016-09-06', 10, 10, 82, '902.00'),
(88, '2016-09-06', 9, 4, 89, '4717.00'),
(89, '2016-09-06', 6, 8, 58, '580.00'),
(90, '2016-09-07', 9, 4, 78, '390.00'),
(91, '2016-09-07', 9, 3, 100, '4700.00'),
(92, '2016-09-07', 7, 5, 34, '476.00'),
(93, '2016-09-07', 7, 13, 111, '3663.00'),
(94, '2016-09-07', 10, 9, 92, '2392.00'),
(95, '2016-09-07', 10, 5, 101, '2323.00'),
(96, '2016-09-07', 10, 8, 124, '1364.00'),
(97, '2016-09-07', 6, 9, 65, '2990.00'),
(98, '2016-09-07', 9, 12, 95, '5985.00'),
(99, '2016-09-07', 10, 15, 91, '5187.00'),
(100, '2016-09-07', 8, 3, 40, '2160.00'),
(101, '2016-09-07', 9, 14, 79, '2212.00'),
(102, '2016-09-07', 6, 4, 98, '1372.00'),
(103, '2016-09-07', 9, 4, 118, '8024.00'),
(104, '2016-09-07', 9, 4, 38, '266.00'),
(105, '2016-09-07', 7, 2, 107, '7276.00'),
(106, '2016-09-07', 8, 15, 51, '3519.00'),
(107, '2016-09-07', 9, 3, 91, '5278.00'),
(108, '2016-09-07', 9, 9, 76, '1292.00'),
(109, '2016-09-07', 6, 4, 104, '2496.00'),
(110, '2016-09-07', 7, 8, 127, '1397.00'),
(111, '2016-09-07', 10, 6, 76, '836.00'),
(112, '2016-09-07', 10, 5, 36, '2484.00'),
(113, '2016-09-07', 9, 14, 105, '3570.00'),
(114, '2016-09-07', 8, 4, 56, '3584.00'),
(115, '2016-09-07', 8, 3, 69, '4623.00'),
(116, '2016-09-08', 8, 8, 61, '4026.00'),
(117, '2016-09-08', 8, 14, 125, '1750.00'),
(118, '2016-09-08', 7, 15, 70, '2240.00'),
(119, '2016-09-08', 10, 10, 50, '550.00'),
(120, '2016-09-08', 10, 8, 42, '1386.00'),
(121, '2016-09-08', 9, 15, 77, '770.00'),
(122, '2016-09-08', 6, 9, 67, '3752.00'),
(123, '2016-09-08', 6, 2, 47, '2068.00'),
(124, '2016-09-08', 7, 2, 49, '882.00'),
(125, '2016-09-08', 8, 1, 58, '1624.00'),
(126, '2016-09-09', 6, 10, 109, '1526.00'),
(127, '2016-09-09', 9, 4, 107, '428.00'),
(128, '2016-09-09', 10, 3, 37, '333.00'),
(129, '2016-09-09', 10, 11, 47, '611.00'),
(130, '2016-09-09', 10, 2, 52, '2340.00'),
(131, '2016-09-09', 6, 7, 123, '3198.00'),
(132, '2016-09-09', 7, 9, 93, '1488.00'),
(133, '2016-09-09', 10, 10, 129, '8772.00'),
(134, '2016-09-09', 9, 14, 88, '264.00'),
(135, '2016-09-09', 9, 6, 126, '3780.00'),
(136, '2016-09-09', 9, 11, 55, '2200.00'),
(137, '2016-09-09', 9, 8, 105, '210.00'),
(138, '2016-09-09', 8, 6, 129, '7998.00'),
(139, '2016-09-09', 6, 15, 37, '2183.00'),
(140, '2016-09-09', 7, 11, 94, '4042.00'),
(141, '2016-09-10', 7, 1, 49, '1470.00'),
(142, '2016-09-10', 8, 8, 99, '6534.00'),
(143, '2016-09-10', 9, 15, 92, '0.00'),
(144, '2016-09-10', 9, 14, 113, '6215.00'),
(145, '2016-09-10', 8, 4, 98, '588.00'),
(146, '2016-09-10', 10, 9, 92, '1380.00'),
(147, '2016-09-10', 6, 7, 50, '1700.00'),
(148, '2016-09-10', 10, 7, 32, '608.00'),
(149, '2016-09-10', 7, 15, 83, '4731.00'),
(150, '2016-09-10', 9, 5, 57, '2337.00'),
(151, '2016-09-10', 8, 6, 61, '1281.00'),
(152, '2016-09-10', 7, 8, 96, '5280.00'),
(153, '2016-09-10', 10, 5, 121, '5929.00'),
(154, '2016-09-10', 10, 11, 48, '384.00'),
(155, '2016-09-10', 10, 15, 79, '1580.00'),
(156, '2016-09-10', 10, 15, 118, '6490.00'),
(157, '2016-09-10', 10, 9, 32, '2112.00'),
(158, '2016-09-10', 8, 12, 81, '729.00'),
(159, '2016-09-10', 6, 9, 86, '4472.00'),
(160, '2016-09-10', 7, 7, 106, '1378.00'),
(161, '2016-09-10', 8, 8, 83, '1079.00'),
(162, '2016-09-10', 6, 15, 110, '4180.00'),
(163, '2016-09-10', 6, 9, 113, '7571.00'),
(164, '2016-09-10', 6, 11, 88, '5808.00'),
(165, '2016-09-10', 10, 2, 33, '1848.00');

-- --------------------------------------------------------

--
-- Дублирующая структура для представления `SELECTMYSUMM`
-- (См. Ниже фактическое представление)
--
CREATE TABLE `SELECTMYSUMM` (
`Code` int
,`Contractor` int
,`Name` varchar(50)
,`Price` decimal(10,2)
,`Quantity` int
,`SUMMA` decimal(20,2)
);

-- --------------------------------------------------------

--
-- Структура таблицы `SettlementsWithBuyers`
--

CREATE TABLE `SettlementsWithBuyers` (
  `Code` int NOT NULL,
  `Date` date NOT NULL COMMENT 'Дата движения',
  `Contractor` int NOT NULL COMMENT 'Контрагент',
  `Sum` decimal(10,0) NOT NULL COMMENT 'Сумма'
) ENGINE=InnoDB DEFAULT CHARSET=cp1251 COLLATE=cp1251_bin COMMENT='Взаиморасчеты с покупателями';

--
-- Дамп данных таблицы `SettlementsWithBuyers`
--

INSERT INTO `SettlementsWithBuyers` (`Code`, `Date`, `Contractor`, `Sum`) VALUES
(1, '2016-09-01', 8, '5520'),
(2, '2016-09-01', 7, '320'),
(3, '2016-09-01', 8, '4386'),
(4, '2016-09-01', 9, '2294'),
(5, '2016-09-01', 6, '5376'),
(6, '2016-09-01', 6, '1215'),
(7, '2016-09-02', 10, '3526'),
(8, '2016-09-02', 8, '6612'),
(9, '2016-09-02', 8, '48'),
(10, '2016-09-02', 6, '720'),
(11, '2016-09-02', 7, '122'),
(12, '2016-09-02', 8, '1298'),
(13, '2016-09-02', 6, '3105'),
(14, '2016-09-02', 6, '37'),
(15, '2016-09-02', 6, '1520'),
(16, '2016-09-02', 7, '2562'),
(17, '2016-09-02', 9, '3885'),
(18, '2016-09-02', 7, '2032'),
(19, '2016-09-02', 9, '675'),
(20, '2016-09-02', 7, '1408'),
(21, '2016-09-02', 8, '3136'),
(22, '2016-09-03', 8, '2142'),
(23, '2016-09-03', 9, '1408'),
(24, '2016-09-03', 10, '2028'),
(25, '2016-09-03', 6, '3150'),
(26, '2016-09-03', 9, '2277'),
(27, '2016-09-03', 10, '1500'),
(28, '2016-09-03', 6, '2028'),
(29, '2016-09-03', 6, '5640'),
(30, '2016-09-03', 6, '6174'),
(31, '2016-09-03', 6, '3999'),
(32, '2016-09-03', 10, '615'),
(33, '2016-09-03', 10, '2112'),
(34, '2016-09-03', 6, '5208'),
(35, '2016-09-03', 7, '4810'),
(36, '2016-09-03', 6, '3367'),
(37, '2016-09-03', 9, '840'),
(38, '2016-09-03', 10, '2592'),
(39, '2016-09-03', 8, '2345'),
(40, '2016-09-04', 6, '664'),
(41, '2016-09-04', 8, '4770'),
(42, '2016-09-04', 6, '1836'),
(43, '2016-09-04', 8, '3955'),
(44, '2016-09-04', 7, '3375'),
(45, '2016-09-04', 10, '756'),
(46, '2016-09-04', 9, '1062'),
(47, '2016-09-04', 7, '3604'),
(48, '2016-09-04', 8, '6160'),
(49, '2016-09-04', 7, '530'),
(50, '2016-09-04', 8, '2600'),
(51, '2016-09-04', 6, '2852'),
(52, '2016-09-04', 9, '4648'),
(53, '2016-09-04', 9, '3488'),
(54, '2016-09-04', 9, '1426'),
(55, '2016-09-04', 9, '260'),
(56, '2016-09-04', 10, '1295'),
(57, '2016-09-05', 9, '3045'),
(58, '2016-09-05', 7, '4753'),
(59, '2016-09-05', 10, '1836'),
(60, '2016-09-05', 9, '0'),
(61, '2016-09-05', 10, '3434'),
(62, '2016-09-05', 10, '1200'),
(63, '2016-09-05', 7, '0'),
(64, '2016-09-05', 9, '1392'),
(65, '2016-09-05', 10, '616'),
(66, '2016-09-05', 10, '1472'),
(67, '2016-09-05', 10, '616'),
(68, '2016-09-05', 9, '3135'),
(69, '2016-09-05', 10, '874'),
(70, '2016-09-05', 7, '7440'),
(71, '2016-09-05', 6, '7866'),
(72, '2016-09-05', 8, '2800'),
(73, '2016-09-06', 6, '1161'),
(74, '2016-09-06', 6, '1216'),
(75, '2016-09-06', 9, '2090'),
(76, '2016-09-06', 6, '1560'),
(77, '2016-09-06', 10, '1080'),
(78, '2016-09-06', 8, '3360'),
(79, '2016-09-06', 8, '7540'),
(80, '2016-09-06', 8, '1155'),
(81, '2016-09-06', 6, '980'),
(82, '2016-09-06', 9, '2376'),
(83, '2016-09-06', 8, '1479'),
(84, '2016-09-06', 10, '3429'),
(85, '2016-09-06', 7, '840'),
(86, '2016-09-06', 6, '2368'),
(87, '2016-09-06', 10, '902'),
(88, '2016-09-06', 9, '4717'),
(89, '2016-09-06', 6, '580'),
(90, '2016-09-07', 9, '390'),
(91, '2016-09-07', 9, '4700'),
(92, '2016-09-07', 7, '476'),
(93, '2016-09-07', 7, '3663'),
(94, '2016-09-07', 10, '2392'),
(95, '2016-09-07', 10, '2323'),
(96, '2016-09-07', 10, '1364'),
(97, '2016-09-07', 6, '2990'),
(98, '2016-09-07', 9, '5985'),
(99, '2016-09-07', 10, '5187'),
(100, '2016-09-07', 8, '2160'),
(101, '2016-09-07', 9, '2212'),
(102, '2016-09-07', 6, '1372'),
(103, '2016-09-07', 9, '8024'),
(104, '2016-09-07', 9, '266'),
(105, '2016-09-07', 7, '7276'),
(106, '2016-09-07', 8, '3519'),
(107, '2016-09-07', 9, '5278'),
(108, '2016-09-07', 9, '1292'),
(109, '2016-09-07', 6, '2496'),
(110, '2016-09-07', 7, '1397'),
(111, '2016-09-07', 10, '836'),
(112, '2016-09-07', 10, '2484'),
(113, '2016-09-07', 9, '3570'),
(114, '2016-09-07', 8, '3584'),
(115, '2016-09-07', 8, '4623'),
(116, '2016-09-08', 8, '4026'),
(117, '2016-09-08', 8, '1750'),
(118, '2016-09-08', 7, '2240'),
(119, '2016-09-08', 10, '550'),
(120, '2016-09-08', 10, '1386'),
(121, '2016-09-08', 9, '770'),
(122, '2016-09-08', 6, '3752'),
(123, '2016-09-08', 6, '2068'),
(124, '2016-09-08', 7, '882'),
(125, '2016-09-08', 8, '1624'),
(126, '2016-09-09', 6, '1526'),
(127, '2016-09-09', 9, '428'),
(128, '2016-09-09', 10, '333'),
(129, '2016-09-09', 10, '611'),
(130, '2016-09-09', 10, '2340'),
(131, '2016-09-09', 6, '3198'),
(132, '2016-09-09', 7, '1488'),
(133, '2016-09-09', 10, '8772'),
(134, '2016-09-09', 9, '264'),
(135, '2016-09-09', 9, '3780'),
(136, '2016-09-09', 9, '2200'),
(137, '2016-09-09', 9, '210'),
(138, '2016-09-09', 8, '7998'),
(139, '2016-09-09', 6, '2183'),
(140, '2016-09-09', 7, '4042'),
(141, '2016-09-10', 7, '1470'),
(142, '2016-09-10', 8, '6534'),
(143, '2016-09-10', 9, '0'),
(144, '2016-09-10', 9, '6215'),
(145, '2016-09-10', 8, '588'),
(146, '2016-09-10', 10, '1380'),
(147, '2016-09-10', 6, '1700'),
(148, '2016-09-10', 10, '608'),
(149, '2016-09-10', 7, '4731'),
(150, '2016-09-10', 9, '2337'),
(151, '2016-09-10', 8, '1281'),
(152, '2016-09-10', 7, '5280'),
(153, '2016-09-10', 10, '5929'),
(154, '2016-09-10', 10, '384'),
(155, '2016-09-10', 10, '1580'),
(156, '2016-09-10', 10, '6490'),
(157, '2016-09-10', 10, '2112'),
(158, '2016-09-10', 8, '729'),
(159, '2016-09-10', 6, '4472'),
(160, '2016-09-10', 7, '1378'),
(161, '2016-09-10', 8, '1079'),
(162, '2016-09-10', 6, '4180'),
(163, '2016-09-10', 6, '7571'),
(164, '2016-09-10', 6, '5808'),
(165, '2016-09-10', 10, '1848');

-- --------------------------------------------------------

--
-- Структура таблицы `SettlementsWithSuppliers`
--

CREATE TABLE `SettlementsWithSuppliers` (
  `Code` int NOT NULL,
  `Date` date NOT NULL COMMENT 'Дата',
  `Contractor` int NOT NULL COMMENT 'Контрагент',
  `Sum` decimal(10,0) NOT NULL COMMENT 'Сумма'
) ENGINE=InnoDB DEFAULT CHARSET=cp1251 COLLATE=cp1251_bin COMMENT='Взаиморасчеты с поставщиками';

--
-- Дамп данных таблицы `SettlementsWithSuppliers`
--

INSERT INTO `SettlementsWithSuppliers` (`Code`, `Date`, `Contractor`, `Sum`) VALUES
(1, '2016-09-01', 3, '2610'),
(2, '2016-09-01', 6, '7128'),
(3, '2016-09-01', 1, '14123'),
(4, '2016-09-01', 2, '4884'),
(5, '2016-09-01', 5, '26564'),
(6, '2016-09-01', 1, '39955'),
(7, '2016-09-02', 4, '41888'),
(8, '2016-09-02', 1, '29547'),
(9, '2016-09-02', 4, '12546'),
(10, '2016-09-02', 3, '20937'),
(11, '2016-09-02', 6, '5888'),
(12, '2016-09-02', 1, '22010'),
(13, '2016-09-02', 1, '20328'),
(14, '2016-09-02', 5, '55680'),
(15, '2016-09-02', 1, '45304'),
(16, '2016-09-02', 4, '19344'),
(17, '2016-09-02', 4, '53848'),
(18, '2016-09-02', 4, '25004'),
(19, '2016-09-02', 6, '16029'),
(20, '2016-09-02', 6, '16767'),
(21, '2016-09-02', 5, '5642'),
(22, '2016-09-03', 3, '18990'),
(23, '2016-09-03', 5, '38532'),
(24, '2016-09-03', 3, '5670'),
(25, '2016-09-03', 2, '23625'),
(26, '2016-09-03', 5, '18216'),
(27, '2016-09-03', 2, '27401'),
(28, '2016-09-03', 4, '41895'),
(29, '2016-09-03', 3, '14250'),
(30, '2016-09-03', 6, '17940'),
(31, '2016-09-03', 5, '23270'),
(32, '2016-09-03', 4, '16994'),
(33, '2016-09-03', 6, '15939'),
(34, '2016-09-03', 2, '1222'),
(35, '2016-09-03', 2, '3420'),
(36, '2016-09-03', 2, '34986'),
(37, '2016-09-03', 6, '23980'),
(38, '2016-09-03', 4, '22334'),
(39, '2016-09-03', 3, '3286'),
(40, '2016-09-04', 5, '10854'),
(41, '2016-09-04', 2, '3082'),
(42, '2016-09-04', 3, '2394'),
(43, '2016-09-04', 1, '9936'),
(44, '2016-09-04', 5, '18655'),
(45, '2016-09-04', 6, '1950'),
(46, '2016-09-04', 3, '26416'),
(47, '2016-09-04', 4, '3900'),
(48, '2016-09-04', 6, '23464'),
(49, '2016-09-04', 3, '22875'),
(50, '2016-09-04', 1, '9219'),
(51, '2016-09-04', 1, '32422'),
(52, '2016-09-04', 6, '21421'),
(53, '2016-09-04', 6, '3975'),
(54, '2016-09-04', 5, '9928'),
(55, '2016-09-04', 2, '27405'),
(56, '2016-09-04', 2, '29304'),
(57, '2016-09-05', 6, '12950'),
(58, '2016-09-05', 1, '8685'),
(59, '2016-09-05', 6, '47214'),
(60, '2016-09-05', 5, '3071'),
(61, '2016-09-05', 2, '15235'),
(62, '2016-09-05', 4, '10868'),
(63, '2016-09-05', 3, '22269'),
(64, '2016-09-05', 6, '8844'),
(65, '2016-09-05', 5, '3234'),
(66, '2016-09-05', 1, '28342'),
(67, '2016-09-05', 4, '7935'),
(68, '2016-09-05', 4, '21700'),
(69, '2016-09-05', 2, '16450'),
(70, '2016-09-05', 6, '13179'),
(71, '2016-09-05', 1, '4368'),
(72, '2016-09-05', 4, '20570'),
(73, '2016-09-06', 3, '21294'),
(74, '2016-09-06', 1, '5724'),
(75, '2016-09-06', 3, '2065'),
(76, '2016-09-06', 6, '20400'),
(77, '2016-09-06', 3, '20565'),
(78, '2016-09-06', 6, '22661'),
(79, '2016-09-06', 3, '7600'),
(80, '2016-09-06', 4, '2982'),
(81, '2016-09-06', 3, '18492'),
(82, '2016-09-06', 1, '27972'),
(83, '2016-09-06', 2, '19520'),
(84, '2016-09-06', 3, '10975'),
(85, '2016-09-06', 5, '7008'),
(86, '2016-09-06', 6, '8942'),
(87, '2016-09-06', 3, '7105'),
(88, '2016-09-06', 3, '9675'),
(89, '2016-09-06', 6, '4416'),
(90, '2016-09-07', 5, '16709'),
(91, '2016-09-07', 1, '22843'),
(92, '2016-09-07', 5, '13320'),
(93, '2016-09-07', 2, '31602'),
(94, '2016-09-07', 3, '43247'),
(95, '2016-09-07', 2, '24330'),
(96, '2016-09-07', 2, '7524'),
(97, '2016-09-07', 5, '29648'),
(98, '2016-09-07', 3, '10152'),
(99, '2016-09-07', 1, '22500'),
(100, '2016-09-07', 2, '31440'),
(101, '2016-09-07', 2, '7564'),
(102, '2016-09-07', 5, '39400'),
(103, '2016-09-07', 4, '26455'),
(104, '2016-09-07', 2, '43004'),
(105, '2016-09-07', 1, '1924'),
(106, '2016-09-07', 2, '16192'),
(107, '2016-09-07', 4, '2000'),
(108, '2016-09-07', 2, '13764'),
(109, '2016-09-07', 4, '63440'),
(110, '2016-09-07', 3, '24924'),
(111, '2016-09-07', 6, '28198'),
(112, '2016-09-07', 3, '10292'),
(113, '2016-09-07', 6, '29172'),
(114, '2016-09-07', 3, '40386'),
(115, '2016-09-07', 5, '36630'),
(116, '2016-09-08', 1, '18501'),
(117, '2016-09-08', 1, '46464'),
(118, '2016-09-08', 6, '42711'),
(119, '2016-09-08', 4, '17608'),
(120, '2016-09-08', 1, '5474'),
(121, '2016-09-08', 3, '17249'),
(122, '2016-09-08', 4, '24960'),
(123, '2016-09-08', 5, '6732'),
(124, '2016-09-08', 1, '18850'),
(125, '2016-09-08', 6, '28207'),
(126, '2016-09-09', 2, '22560'),
(127, '2016-09-09', 4, '41228'),
(128, '2016-09-09', 3, '27405'),
(129, '2016-09-09', 1, '11765'),
(130, '2016-09-09', 3, '42771'),
(131, '2016-09-09', 2, '47873'),
(132, '2016-09-09', 6, '35520'),
(133, '2016-09-09', 4, '12957'),
(134, '2016-09-09', 1, '37840'),
(135, '2016-09-09', 2, '17400'),
(136, '2016-09-09', 3, '27984'),
(137, '2016-09-09', 6, '33794'),
(138, '2016-09-09', 1, '19840'),
(139, '2016-09-09', 4, '33484'),
(140, '2016-09-09', 4, '45140'),
(141, '2016-09-10', 5, '4374'),
(142, '2016-09-10', 3, '14248'),
(143, '2016-09-10', 1, '36478'),
(144, '2016-09-10', 6, '23994'),
(145, '2016-09-10', 2, '15043'),
(146, '2016-09-10', 3, '37895'),
(147, '2016-09-10', 2, '5920'),
(148, '2016-09-10', 6, '18480'),
(149, '2016-09-10', 3, '36676'),
(150, '2016-09-10', 4, '45171'),
(151, '2016-09-10', 3, '24100'),
(152, '2016-09-10', 6, '22320'),
(153, '2016-09-10', 2, '25020'),
(154, '2016-09-10', 5, '21330'),
(155, '2016-09-10', 1, '52628'),
(156, '2016-09-10', 5, '67536'),
(157, '2016-09-10', 5, '36280'),
(158, '2016-09-10', 6, '34348'),
(159, '2016-09-10', 6, '49647'),
(160, '2016-09-10', 6, '1656'),
(161, '2016-09-10', 3, '52488'),
(162, '2016-09-10', 4, '19021'),
(163, '2016-09-10', 6, '14137'),
(164, '2016-09-10', 5, '8712'),
(165, '2016-09-10', 1, '20080');

-- --------------------------------------------------------

--
-- Структура таблицы `user`
--

CREATE TABLE `user` (
  `id` int NOT NULL,
  `name` varchar(50) CHARACTER SET utf8 COLLATE utf8_general_ci NOT NULL,
  `mail` varchar(50) CHARACTER SET utf8 COLLATE utf8_general_ci NOT NULL,
  `password` varchar(100) CHARACTER SET utf8 COLLATE utf8_general_ci NOT NULL,
  `date` date NOT NULL
) ENGINE=InnoDB DEFAULT CHARSET=latin1;

--
-- Дамп данных таблицы `user`
--

INSERT INTO `user` (`id`, `name`, `mail`, `password`, `date`) VALUES
(1, 'трамп', 'tr@m.p', '123', '2020-11-04'),
(2, 'zed', 'zed@zed.sd', 'sdfSFSDF', '2020-11-04'),
(3, 'Лена', 'll', 'c4ca4238a0b923820dcc509a6f75849b', '2020-11-04'),
(4, 'Лена', 'mail2', 'c4ca4238a0b923820dcc509a6f75849b', '2020-11-04'),
(5, 'mane', 'hjk@hjk.das', '76d80224611fc919a5d54f0ff9fba446', '2020-11-04'),
(6, 'BusPass', 'bus@pass.ry', '2e1b53afa9ae8b6c43ebd0cd36b5c616', '2020-11-04'),
(7, 'asd', 'asd@asd.asd', '7815696ecbf1c96e6894b779456d330e', '2020-11-04'),
(8, 'имя', 'ul@noknok.ru', '76419c58730d9f35de7ac538c2fd6737', '2020-11-04'),
(9, 'юля', 'ul+20@noknok.ru', '304854e2e79de0f96dc5477fef38a18f', '2020-11-04');

-- --------------------------------------------------------

--
-- Структура для представления `SELECTMYSUMM`
--
DROP TABLE IF EXISTS `SELECTMYSUMM`;

CREATE ALGORITHM=UNDEFINED DEFINER=`phpmyadmin`@`localhost` SQL SECURITY DEFINER VIEW `SELECTMYSUMM`  AS  select `Nomenclature`.`Code` AS `Code`,`Nomenclature`.`Name` AS `Name`,`Nomenclature`.`Price` AS `Price`,`NomenclatureReceipt`.`Contractor` AS `Contractor`,`NomenclatureReceipt`.`Quantity` AS `Quantity`,(`NomenclatureReceipt`.`Quantity` * `Nomenclature`.`Price`) AS `SUMMA` from (`Nomenclature` left join `NomenclatureReceipt` on((`Nomenclature`.`Code` = `NomenclatureReceipt`.`Nomenclature`))) ;

--
-- Индексы сохранённых таблиц
--

--
-- Индексы таблицы `ContractingParties`
--
ALTER TABLE `ContractingParties`
  ADD PRIMARY KEY (`Code`),
  ADD KEY `Name_2` (`Name`);

--
-- Индексы таблицы `Nomenclature`
--
ALTER TABLE `Nomenclature`
  ADD PRIMARY KEY (`Code`),
  ADD KEY `Name` (`Name`);

--
-- Индексы таблицы `NomenclatureReceipt`
--
ALTER TABLE `NomenclatureReceipt`
  ADD PRIMARY KEY (`Code`),
  ADD KEY `Contractor` (`Contractor`),
  ADD KEY `Date` (`Date`),
  ADD KEY `Contractor_2` (`Contractor`),
  ADD KEY `Nomenclature` (`Nomenclature`);

--
-- Индексы таблицы `NomenclatureRemains`
--
ALTER TABLE `NomenclatureRemains`
  ADD PRIMARY KEY (`Code`),
  ADD KEY `Nomenclature` (`Nomenclature`);

--
-- Индексы таблицы `NomenclatureSale`
--
ALTER TABLE `NomenclatureSale`
  ADD PRIMARY KEY (`Code`),
  ADD KEY `Contractor` (`Contractor`,`Nomenclature`),
  ADD KEY `Nomenclature` (`Nomenclature`);

--
-- Индексы таблицы `SettlementsWithBuyers`
--
ALTER TABLE `SettlementsWithBuyers`
  ADD PRIMARY KEY (`Code`),
  ADD KEY `Contractor` (`Contractor`),
  ADD KEY `Contractor_2` (`Contractor`);

--
-- Индексы таблицы `SettlementsWithSuppliers`
--
ALTER TABLE `SettlementsWithSuppliers`
  ADD PRIMARY KEY (`Code`),
  ADD KEY `Contractor` (`Contractor`);

--
-- Индексы таблицы `user`
--
ALTER TABLE `user`
  ADD PRIMARY KEY (`id`);

--
-- AUTO_INCREMENT для сохранённых таблиц
--

--
-- AUTO_INCREMENT для таблицы `ContractingParties`
--
ALTER TABLE `ContractingParties`
  MODIFY `Code` int NOT NULL AUTO_INCREMENT, AUTO_INCREMENT=14;

--
-- AUTO_INCREMENT для таблицы `Nomenclature`
--
ALTER TABLE `Nomenclature`
  MODIFY `Code` int NOT NULL AUTO_INCREMENT, AUTO_INCREMENT=17;

--
-- AUTO_INCREMENT для таблицы `NomenclatureReceipt`
--
ALTER TABLE `NomenclatureReceipt`
  MODIFY `Code` int NOT NULL AUTO_INCREMENT, AUTO_INCREMENT=167;

--
-- AUTO_INCREMENT для таблицы `NomenclatureRemains`
--
ALTER TABLE `NomenclatureRemains`
  MODIFY `Code` int NOT NULL AUTO_INCREMENT, AUTO_INCREMENT=422;

--
-- AUTO_INCREMENT для таблицы `NomenclatureSale`
--
ALTER TABLE `NomenclatureSale`
  MODIFY `Code` int NOT NULL AUTO_INCREMENT, AUTO_INCREMENT=166;

--
-- AUTO_INCREMENT для таблицы `SettlementsWithBuyers`
--
ALTER TABLE `SettlementsWithBuyers`
  MODIFY `Code` int NOT NULL AUTO_INCREMENT, AUTO_INCREMENT=166;

--
-- AUTO_INCREMENT для таблицы `SettlementsWithSuppliers`
--
ALTER TABLE `SettlementsWithSuppliers`
  MODIFY `Code` int NOT NULL AUTO_INCREMENT, AUTO_INCREMENT=166;

--
-- AUTO_INCREMENT для таблицы `user`
--
ALTER TABLE `user`
  MODIFY `id` int NOT NULL AUTO_INCREMENT, AUTO_INCREMENT=10;

--
-- Ограничения внешнего ключа сохраненных таблиц
--

--
-- Ограничения внешнего ключа таблицы `NomenclatureReceipt`
--
ALTER TABLE `NomenclatureReceipt`
  ADD CONSTRAINT `NomenclatureReceipt_ibfk_1` FOREIGN KEY (`Contractor`) REFERENCES `ContractingParties` (`Code`) ON DELETE RESTRICT ON UPDATE CASCADE,
  ADD CONSTRAINT `NomenclatureReceipt_ibfk_2` FOREIGN KEY (`Nomenclature`) REFERENCES `Nomenclature` (`Code`) ON DELETE RESTRICT ON UPDATE CASCADE;

--
-- Ограничения внешнего ключа таблицы `NomenclatureRemains`
--
ALTER TABLE `NomenclatureRemains`
  ADD CONSTRAINT `NomenclatureRemains_ibfk_1` FOREIGN KEY (`Nomenclature`) REFERENCES `Nomenclature` (`Code`) ON DELETE RESTRICT ON UPDATE CASCADE;

--
-- Ограничения внешнего ключа таблицы `NomenclatureSale`
--
ALTER TABLE `NomenclatureSale`
  ADD CONSTRAINT `NomenclatureSale_ibfk_2` FOREIGN KEY (`Contractor`) REFERENCES `ContractingParties` (`Code`) ON DELETE RESTRICT ON UPDATE CASCADE,
  ADD CONSTRAINT `NomenclatureSale_ibfk_3` FOREIGN KEY (`Nomenclature`) REFERENCES `Nomenclature` (`Code`) ON DELETE RESTRICT ON UPDATE CASCADE;

--
-- Ограничения внешнего ключа таблицы `SettlementsWithBuyers`
--
ALTER TABLE `SettlementsWithBuyers`
  ADD CONSTRAINT `SettlementsWithBuyers_ibfk_1` FOREIGN KEY (`Contractor`) REFERENCES `ContractingParties` (`Code`) ON DELETE RESTRICT ON UPDATE CASCADE;

--
-- Ограничения внешнего ключа таблицы `SettlementsWithSuppliers`
--
ALTER TABLE `SettlementsWithSuppliers`
  ADD CONSTRAINT `SettlementsWithSuppliers_ibfk_1` FOREIGN KEY (`Contractor`) REFERENCES `ContractingParties` (`Code`) ON DELETE RESTRICT ON UPDATE CASCADE;
COMMIT;

/*!40101 SET CHARACTER_SET_CLIENT=@OLD_CHARACTER_SET_CLIENT */;
/*!40101 SET CHARACTER_SET_RESULTS=@OLD_CHARACTER_SET_RESULTS */;
/*!40101 SET COLLATION_CONNECTION=@OLD_COLLATION_CONNECTION */;
